month,coef,se,ci_low,ci_high
2022-07,-0.030723582604943345,0.008494502329736826,-0.04737250123781911,-0.014074663972067584
2022-08,-0.027244800023460258,0.00852694599018086,-0.04395730706233297,-0.010532292984587542
2022-09,-0.015329711004134439,0.008707943928014689,-0.03239696748243748,0.0017375454741686003
2022-10,-0.040725020849853855,0.007507489108748694,-0.05543942911732801,-0.026010612582379706
2022-11,-0.032349936075055256,0.007367414533383404,-0.046789803219663695,-0.017910068930446818
2022-12,-0.0044971232797503015,0.004735491828277277,-0.013778516712257499,0.004784270152756896
2023-01,-0.0017615463947651905,0.007060397728173812,-0.01559967165851428,0.0120765788689839
2023-02,0.008219270383361246,0.00695217862506379,-0.005406749335852973,0.021845290102575465
2023-03,0.0026580435212680887,0.007810328072531948,-0.01264991820833667,0.017966005250872847
2023-04,0.006928408672357707,0.006946383132729455,-0.006686252090608537,0.02054306943532395
2023-05,0.004878518925702981,0.007060102506012072,-0.00895902771324166,0.018716065564647624
2023-06,0.00950801784211754,0.006297574065369927,-0.0028350005159810086,0.021851036200216088
2023-07,0.04971709896763535,0.007360102071674281,0.03529156398461512,0.06414263395065559
2023-08,0.017112613726628163,0.007409782830343503,0.0025897062458916306,0.031635521207364695
2023-09,-0.006572709440692707,0.006151043652056659,-0.01862853346605748,0.005483114584672068
2023-10,-0.032228341218780765,0.006607372044589874,-0.0451785524586337,-0.019278129978927833
2023-11,-0.013994931967688294,0.004674783267416075,-0.023157338807354277,-0.004832525128022312
2023-12,0.0,0.0,0.0,0.0
2024-01,0.0027221091843362914,0.005744127920367009,-0.008536174662174005,0.013980393030846588
2024-02,-0.0015932558794818006,0.006150126595931616,-0.01364728250786969,0.01046077074890609
2024-03,0.008254021083521761,0.005679703685673719,-0.0028779935832581316,0.019386035750301654
2024-04,0.000484577336441252,0.006899965501971884,-0.013039106541992477,0.01400826121487498
2024-05,-0.025681521559099346,0.006993983053541729,-0.03938947645252461,-0.011973566665674085
2024-06,-0.015492256723917826,0.006428024407294184,-0.028090953053958853,-0.002893560393876799
2024-07,0.005560006537233351,0.007603912425558427,-0.009343387958457771,0.020463401032924475
2024-08,0.0016379050256742813,0.00858237329672075,-0.01518323753777668,0.01845904758912524
2024-09,-0.021997638798837756,0.006559418564863818,-0.03485386294549425,-0.009141414652181264
2024-10,-0.0025019061401956293,0.0061575702213470885,-0.014570522006312252,0.009566709725920993
2024-11,0.0038349940257879356,0.005188872665010904,-0.006335009517997805,0.014004997569573676
2024-12,-0.004870877093943446,0.004020918677429837,-0.012751732886470354,0.003009978698583462
