month,seoul_minus_busan_log
2022-07,1.6382504377794316
2022-08,1.6341812371063273
2022-09,1.6432093204096088
2022-10,1.6208074977004472
2022-11,1.6321165389065033
2022-12,1.6547932963408236
2023-01,1.656306915700748
2023-02,1.6692654928082753
2023-03,1.658518707116377
2023-04,1.663532394444692
2023-05,1.6542044781880971
2023-06,1.6592116731912387
2023-07,1.7009859241521958
2023-08,1.6681498841050733
2023-09,1.6429941538551969
2023-10,1.6157399619789778
2023-11,1.6374436561936818
2023-12,1.6457057955242345
2024-01,1.6574637637119274
2024-02,1.6495184393322564
2024-03,1.656526828123413
2024-04,1.6523734569441118
2024-05,1.6193974901360502
2024-06,1.6365468614241685
2024-07,1.6630240569374433
2024-08,1.6500369751266923
2024-09,1.6223471462745955
2024-10,1.6428686056317279
2024-11,1.6521354769481817
2024-12,1.6421434139020246
