placebo_month,coef,se,ci_low,ci_high,p,n_obs,n_units,n_treated_units,n_control_units
2022-12,0.03297998036291048,0.0037334413013810977,0.025662569873809177,0.04029739085201178,1.0129815360544671e-18,6511,383,271,112
2023-01,0.029347391646681674,0.003623618876791197,0.022245229154471444,0.03644955413889191,5.545020522351608e-16,6511,383,271,112
2023-02,0.02560520336457131,0.00391691954673712,0.017928182122625605,0.033282224606517016,6.273289679351592e-11,6511,383,271,112
2023-03,0.021979186842998984,0.004073014835439349,0.013996224457040527,0.029962149228957444,6.803131477675937e-08,6511,383,271,112
2023-04,0.019303022946284103,0.00390988241157054,0.011639794235819232,0.02696625165674897,7.934038943918779e-07,6511,383,271,112
2023-05,0.016845706609668974,0.003894423094370006,0.00921277760414273,0.024478635615195216,1.5211899892639622e-05,6511,383,271,112
2023-06,0.014152362168374993,0.003717913309170892,0.006865385984757914,0.02143933835199207,0.00014092811801060684,6511,383,271,112
2023-07,0.0028999479604926957,0.003384759713988205,-0.0037340591752462807,0.009533955096231672,0.3915740694241695,6511,383,271,112
2023-08,-0.007758813970684092,0.0037205739208043542,-0.015051004857279605,-0.0004666230840885783,0.03703473481729562,6511,383,271,112
